text,label,tag
炭水化物・脂肪・タンパク質cut,OK,약기법_솔루션_로그
"article: 重要なお知らせ
原材料 成分
<有効成分>へパリン類似物質、グリチルリチン酸ジカリウム<示指定成分>ミリスチン酸ソプロ
ピル、セタノール、エデト塩、パラベン
使用方法
適量(パール粒)を指の腹にとり、気になる部分にやさしくなじませます。
商品の説明
商品紹介
有効成分へパリン類似物質が配合されたクリームです。肌の保湿·肌荒れ予防にご使用
下さい。
原材料 成分
<有効成分>
ヘパリン類似物質、グリチルリチン酸ジカリウム
<表示指定成分>
ミリスチン酸イソプロビル、セタノール、エデト酸塩、パラペン
使用方法
適量(パール粒)を指の腹にとり、気になる部分にやさしくなませます。
モイスチャ
(SKINAUTHORITY)
2048
有効成分ヘパリン類似物質配合
クリーム
byanapo
90g",NG,약기법_솔루션_로그
"最近飲んでるサプリのおかげで可愛くなりました✨
むくみケアに特化されてるらしい！",NG,약기법_솔루션_로그
酸化管理,OK,약기법_솔루션_로그
韓国で話題の「ホワイトクッション」に潤いを‘ポン‘入れた。 ホワイトクッションのカバー力と持続力そのまま 3種類のヒアルロン酸で24時間しっとり,OK,약기법_솔루션_로그
影響,OK,약기법_솔루션_로그
"最近飲んでるサプリのおかげで可愛くなりました✨
むくみケアに優秀なやつらしい！",NG,약기법_솔루션_로그
一週間で１００キロ瘦せました！,NG,약기법_솔루션_로그
"最近飲んでるサプリのおかげで可愛くなりました✨
むくみケアに助かってるよ！",NG,약기법_솔루션_로그
炭水化物・脂肪・タンパク質管理,OK,약기법_솔루션_로그
実感,OK,약기법_솔루션_로그
もたれ,OK,약기법_솔루션_로그
"韓国ではすでに話題の方法で
食後の血糖値から食欲・体脂肪まで管理
気になる方はぜひお試しください",OK,약기법_솔루션_로그
美肌を目指す,OK,약기법_솔루션_로그
現れる影響,OK,약기법_솔루션_로그
韓国ではすでに話題の方法で,OK,약기법_솔루션_로그
食後の血糖値から食欲・体脂肪まで管理,OK,약기법_솔루션_로그
"透明感
肌の活力
7種のビューティー栄養素配合",OK,약기법_솔루션_로그
ビューティーブースター グルタチオン,OK,약기법_솔루션_로그
"一日一回
太る前の体に",OK,약기법_솔루션_로그
Canteen9だけの特許酵素,OK,약기법_솔루션_로그
"https://www.s-shirenoyokuhin.jp/excludesid_dmlite/1plap_2304/allow·popup2/27
2024/10月717:00乳酸菌が入った青汁ブレ·ミアム+世田谷自然食品
初めての方限定!15本入
今すぐ
送料1,000(税込)お試し
無料円",OK,약기법_솔루션_로그
NO.1 美容サプリ,NG,약기법_솔루션_로그
プロポリス,OK,약기법_솔루션_로그
N0.1 肌サプリ,NG,약기법_솔루션_로그
体脂肪減少をサポートする,NG,약기법_솔루션_로그
体内酵素,OK,약기법_솔루션_로그
炭水化物,OK,약기법_솔루션_로그
美容サプリTOP,OK,약기법_솔루션_로그
日焼け止め,OK,약기법_솔루션_로그
肥満,OK,약기법_솔루션_로그
3粒で管理飲むケア,OK,약기법_솔루션_로그
Qoo10話題の美容サプリ,OK,약기법_솔루션_로그
違いが分かる,OK,약기법_솔루션_로그
明るい肌,NG,약기법_솔루션_로그
潤タチオン,OK,약기법_솔루션_로그
きれいな透明感,OK,약기법_솔루션_로그
効果,OK,약기법_솔루션_로그
効果があります,OK,약기법_솔루션_로그
美白に効果があります,NG,약기법_솔루션_로그
透明で綺麗な美肌のためのソリューション,NG,약기법_솔루션_로그
ツヤ即決,OK,약기법_솔루션_로그
透明感アップ,NG,약기법_솔루션_로그
もたれ、快便、体脂肪,OK,약기법_솔루션_로그
いきいきと輝く毎日をサポートする!,OK,약기법_솔루션_로그
まばゆい耀きを放つ,OK,약기법_솔루션_로그
美容カテゴリー１位,NG,약기법_솔루션_로그
肌のキメとツヤをケア,NG,약기법_솔루션_로그
"肌を楽に, 肌のツヤと活気をケア",NG,약기법_솔루션_로그
ヘルシーなツヤと活気をチャージして、どんよりくすみは一掃する,NG,약기법_솔루션_로그
No.1美肌サプリ,NG,약기법_솔루션_로그
ツヤ即決アイテム,OK,약기법_솔루션_로그
肌のトーンアップ,NG,약기법_솔루션_로그
N0.1 白肌サプリ,NG,약기법_솔루션_로그
ツヤのキー！潤タチオン&飲む日焼け止め,NG,약기법_솔루션_로그
Qoo10メガ割のNo.1美肌サプリ,NG,약기법_솔루션_로그
潤タチオン,OK,약기법_솔루션_로그
いきいき輝く,OK,약기법_솔루션_로그
N0.1 飲む日焼け止めサプリ,NG,약기법_솔루션_로그
透明で綺麗なトーンアップのためのソリューション,NG,약기법_솔루션_로그
すべすべしっかり,OK,약기법_솔루션_로그
N0.1 美肌サプリ,NG,약기법_솔루션_로그
N0.1 肌サプリ,OK,약기법_솔루션_로그
美容サプリ,OK,약기법_솔루션_로그
N0.1 日焼け止めサプリ,NG,약기법_솔루션_로그
美容サプリ,OK,약기법_솔루션_로그
飲むケア,OK,약기법_솔루션_로그
韓国アイドルの肌のキメ完成！,OK,약기법_솔루션_로그
シワ弾力ケア,NG,약기법_솔루션_로그
日焼け止め効果,NG,약기법_솔루션_로그
3粒で飲むケア,OK,약기법_솔루션_로그
弾力ケア,NG,약기법_솔루션_로그
白玉注射成分,NG,약기법_솔루션_로그
日焼け止めケア,OK,약기법_솔루션_로그
シワケア,NG,약기법_솔루션_로그
トーンアップ,NG,약기법_솔루션_로그
ホワイトニング,NG,약기법_솔루션_로그
メラニンケア,NG,약기법_솔루션_로그
"リアル口コミでわかる効果
「ピュリカムチン」",NG,약기법_솔루션_로그
"リアル口コミを見ればわかる
「ピュリカムチン」",OK,약기법_솔루션_로그
"Qoo10メガ割がチャンス！
「食べる再生クリーム」",OK,약기법_솔루션_로그
"""韓国で話題のインナーサプリ「ピュリカムチン」
今が一番おトク！""",OK,약기법_솔루션_로그
韓国人のツヤ肌の秘密！プレミアムインナーケア「ピュリカムチン」,OK,약기법_솔루션_로그
"""
ピュリカムチングロー
Qoo10で大人気❤
美味しいコラーゲンゼリーで弾力ケアができる！""",NG,약기법_솔루션_로그
"""ピュリカムチンエラスチン✨
最大の含有量と700％の吸収率でインナーケアの効果が実感できる
肌のくすみが気になる方は必ずチェック！""",NG,약기법_솔루션_로그
膣炎再発率80％減少,NG,약기법_솔루션_로그
"""1日1回食後に飲むだけ超簡単！
緑茶カテキンでおなか回りのぜい肉を撃退！
簡単だから続けらる。本気の簡単ダイエットはこれで決まり！""",NG,약기법_솔루션_로그
"""1日1回食後に飲むだけ超簡単！
2粒で今日のダイエットはおしまい！
簡単だから続けらる。本気の簡単ダイエット！""",NG,약기법_솔루션_로그
"""1日1回食後に飲むだけ超簡単！
緑茶カテキンでおなか回りのぜい肉にアプローチ！
簡単だから続けらる。本気のダイエットはサポート！""",NG,약기법_솔루션_로그
"""つい食べ過ぎても安心。
炭水化物も脂質もバナバ酵素さえあれば瞬間分解！
食後の1包が胃の中の食べ物を素早く分解し快適な腸内活動をサポート。""",NG,약기법_솔루션_로그
"""1日1回食後に飲むだけ超簡単！
あなたのダイエットをグリーンモンスターがサポートします！
#Qoo10メガ割 では1+1MAX23％OFFで販売中！",OK,약기법_솔루션_로그
"""つい食べ過ぎても安心。
炭水化物も脂質もバナバ酵素さえあればしっかり分解！
食後の1包が胃の中の食べ物を素早く分解し腸内活動をサポート。""",NG,약기법_솔루션_로그
"""つい食べ過ぎても安心。
炭水化物も脂質もバナバ酵素さえあればしっかり分解！
食後の1包が胃の中の食べ物を分解し腸内活動をサポート。""",OK,약기법_솔루션_로그
"消化不良・過食・便秘
ダイエット酵素",NG,약기법_솔루션_로그
"消化不良・過食・胃もたれ
ダイエット酵素",OK,약기법_솔루션_로그
"高純度グルタチオン含有
美肌・透明感",NG,약기법_솔루션_로그
"高純度グルタチオン含有
美肌",OK,약기법_솔루션_로그
食欲から食後血糖値まで飲むだけ簡単ダイエット,NG,약기법_솔루션_로그
"食欲管理
簡単ダイエット",OK,약기법_솔루션_로그
体験モニター募集,OK,약기법_솔루션_로그
レビューイベント,OK,약기법_솔루션_로그
"消化不良・過食・便秘の解決
ダイエット酵素",NG,약기법_솔루션_로그
"消化不良・過食・便秘の味方
ダイエット酵素",NG,약기법_솔루션_로그
"消化不良・過食
酵素でダイエット",NG,약기법_솔루션_로그
"消化不良・過食
酵素で簡単",OK,약기법_솔루션_로그
"高純度グルタチオン含有
美白・飲む日焼け止めサプリ",NG,약기법_솔루션_로그
"高純度グルタチオン含有
本来の肌の美しさに戻ろう",NG,약기법_솔루션_로그
"高純度グルタチオン含有
本来の肌の美しさ",OK,약기법_솔루션_로그
"高純度グルタチオン含有
本来の肌の美しさを発見",OK,약기법_솔루션_로그
韓国で話題のサプリ,OK,약기법_솔루션_로그
"X開設記念
体験モニター募集",OK,약기법_솔루션_로그
"韓国ではすでに話題の方法で
食後の血糖値から食欲・体脂肪まで一回でケアができます
気になる方はぜひお試しください",NG,약기법_솔루션_로그
"韓国ではすでに話題の方法で
食後の血糖値から食欲・体脂肪まで！！
気になる方はぜひお試しください",OK,약기법_솔루션_로그
"""美白と肌トーンケアに役立ちます。""",NG,약기법_솔루션_로그
"一日一回で
太る前の体に",NG,약기법_솔루션_로그
"一日一回
脂肪管理・食欲抑制で",NG,약기법_솔루션_로그
"一日一回
脂肪・食欲軽減",NG,약기법_솔루션_로그
"たった一日一回
太る前の体に",NG,약기법_솔루션_로그
"体脂肪と血糖値をこれでケア！
食欲と満腹感の調整で失敗のないダイエット",NG,약기법_솔루션_로그
ダイエットには食欲抑制が大事！,OK,약기법_솔루션_로그
ダイエットは食欲抑制が大事！,OK,약기법_솔루션_로그
"ダイエットは食欲抑制が大事！
植物由来成分で食後血糖値、満腹感ケア",NG,약기법_솔루션_로그
"ダイエットは食欲管理が大事！
植物由来成分で食後血糖値、満腹感",OK,약기법_솔루션_로그
"ダイエットは食欲管理が大事！
植物由来成分で食後血糖値DOWN、満腹感UP",NG,약기법_솔루션_로그
"ダイエットは食欲管理が大事！
植物由来成分で簡単に食後血糖値と満腹感まで",NG,약기법_솔루션_로그
"ダイエットは食欲管理が大事！
植物由来成分で簡単にダイエット",OK,약기법_솔루션_로그
"ダイエットは食欲管理が大事！
植物由来成分で安全にダイエット",OK,약기법_솔루션_로그
"ダイエットは食欲管理が大事！
植物由来成分で安全ダイエット",OK,약기법_솔루션_로그
もたれOUT・便秘OUT・体脂肪OUT,NG,약기법_솔루션_로그
特許酵素,OK,약기법_솔루션_로그
ダイエット特許酵素,NG,약기법_솔루션_로그
特許酵素で体重・便秘,NG,약기법_솔루션_로그
特許酵素で健康なダイエット,OK,약기법_솔루션_로그
Canteen9だけの特許酵素で手軽にケア,OK,약기법_솔루션_로그
"Canteen9だけの特許酵素で手軽にケア
たくさん食べた日もこれ一本ですっきり",OK,약기법_솔루션_로그
"ビオチン、ビール酵母、プロシアニジン配合
ヘアケア関連サプリメント",OK,약기법_솔루션_로그
"グルタチオン配合
美容サポートサプリメント",OK,약기법_솔루션_로그
"輝く肌の秘密、
公開します~",OK,약기법_솔루션_로그
体重,OK,약기법_솔루션_로그
体重変化,OK,약기법_솔루션_로그
"健やかな肌の輝きを
サポートします。",NG,약기법_솔루션_로그
"""美白と肌トーンケアに
役立ちます。""",NG,약기법_솔루션_로그
"毎日のスキンケアに
お役立てください。",OK,약기법_솔루션_로그
"グルタチオンは体内で自然に生成される成分です。
美容と健康をサポートする
インナービューティーサプリメントです。",OK,약기법_솔루션_로그
"グルタチオンは、インナービューティー栄養素として
多くの注目を集めています。",OK,약기법_솔루션_로그
"健やかな髪のケアに
ビオチン配合サプリメント",NG,약기법_솔루션_로그
"グルタチオンは抗酸化作用
でお肌を優しく守ります。",NG,약기법_솔루션_로그
"グルタチオンは体内で自然に生成される成分です。
美容と健康をサポートする
インナービューティー栄養素として
注目されています。",NG,약기법_솔루션_로그
ビューティーケア グルタチオン,OK,약기법_솔루션_로그
"髪のケアに
ビオチン配合サプリメント",NG,약기법_솔루션_로그
月経が不規則です。トコエルを摂れば周期の乱れが改善されますか？,NG,약기법_솔루션_로그
살빠진다,NG,약기법_솔루션_로그
"2024/10/07 17:00乳酸菌が入った青汁プレミアム|世田谷自然食品
初めての方限定!15本入
今すぐ
送料1,000(税込)
お試し
無料円
朝食に
おやつに
夕食に
https://www.sdmline/1plap_2304/*pup21/27
2024/10/07 17:00乳酸菌が入った青汁ブレミアム+世田谷自然食品
初めての方限定!15本入今すぐ
送料1,000(税込)お試し
無料円
牛乳や豆乳と混ぜて
青汁
豆乳
果汁と混ぜて
青汁
りんご
ジュース
スムージーに
青汁
スムージー",OK,약기법_솔루션_로그
グルタチオン,OK,약기법_솔루션_로그
"2024/10/07 17:00乳酸菌が入った青汁ブレ·ミアム+世田谷自然食品
世田谷自然食品
おなかにやさしい/
機能性表示食品
乳酸菌が入った
青汁プレミアム
野菜の栄養と乳酸菌が
同時に補える。
乳酸菌が入った植物性乳酸菌
500円青汁500億個
豊富な
野菜の栄養
ビフィズス菌
5億個
乳酸菌がおなかの調子を整え、お通じを改善!
https://www.s-shizensyokuhin.jexcludesid_dmlite/iplap_2304はallow-popup1/27
2024/10/07 17:00乳酸菌が入った青汁ブ·ミアム+世田谷自然食品
初めての方限定!15本入
今すぐ
送料1,000(税込)
お試し
無料円
000青汁
500
プレミアム
15
本入
乳酸菌が入った青汁プレミアム
特別1,000(税込)
価格円
1家族様3箱まで!送料無料
今すぐお試し!!",NG,약기법_솔루션_로그
"2024/10/0717:00乳酸菌が入った青汁プレミアム|世田谷自然食品
初めての方限定!15本入今すぐ
送料1,000(税込)
お試し
無料円
は
「野菜の栄養」と
「500億個の乳酸菌」が
一度に摂れる!
自然食品会社が作った
青汁です。
青汁プレミアムの何がすごい?
4つのこだわり!
bizcnsyokuhirdmlite1plap_2304/*allow-popup
2024/10/07 17:00乳酸菌が入った青汁プレミアム|世田谷自然食品
初めての方限定!15本入
今すぐ
送料1,000(税込)お試し
無料円
こだわり1
野菜の栄養が補える
不足しがちなビタミン、
ミネラルや食物繊維などが補える!
こだわり2
おなかの調子を整える
乳酸菌K-1を500億個配合し、おなかの
調子を整え、お通じを改善します。",NG,약기법_솔루션_로그
"初めての方限定!15本入
今すぐ
送料1,000(税込)お試し
無料円
「健康」に気を配る、
こんな方にぴったり!
Case
こんな方におすすめ!1
「野菜の栄養を
バランスよく
しっかり摂りたいんです。
でも、毎日ってなかなか
大変で···。
https://www.s-shizensyokuhinjprexcludeskddmlie7/27
2024/10/07 17:00乳酸菌が入った青汁ブ·ミアム|世田谷自然食品
初めての方限定!15本入
今すぐ
送料1,000(税込)お試し
無料円
野菜の摂取量がこんなに
不足しています。
全世代が
野菜摂取量の平均値野菜不足
(g/日)1日の目標摂取量350g
300
250
200
30代40代50代60代70代以上
※目標蛟取量は「健康日本21」、平均値は「平成29年国民健康·栄養調査」より",OK,약기법_솔루션_로그
"https://www.s-shizenswkuhin.jp/excludes/ddmlite/lp/ap_2304/#allow-popup5/27
2024/10/0717:00乳酸菌が入った青汁ブレ·ミアム」世田谷自然食品
初めての方限定!15本入
今すぐ
送料1,000(税込)
お試し
無料円
こだわり3
毎日飲みたくなる美味しさ
国産抹茶使用で飲みやすく
美味しい仕上がりに
こだわり4
自然の力を生かした
商品づくり
保存料、着色料、香料無添加。
必要なものだけで作っています。
https://www.s-shizensykuhin.jp/excludes/d__dmlite/lp/ap_2304/*allow-popup",OK,약기법_솔루션_로그
"8/27
2024/10/0717:00乳酸菌が入った青汁フレミアム1世田谷自然食品
初めての方限定!15本入
今すぐ
送料1,000(税込)
お試し
無料円
野菜の栄養素が、
バランスよく入ってます!
食物繊維
ビタミンAカリウム
ビタミンB鉄分
ビタミンB2カルシウム
ビタミンCマグネシウム
なぜなら
栄養たっぷりの
厳選素材を
使用しているから
9/27",OK,약기법_솔루션_로그
"https://www.s-shizensyolcubin.jp/exclades/d._dmlite/lp/ap2304/Kallow.popup11/27
2024/10/0717:00乳酸菌が入った青汁プレ·ミアム+世田谷自然食品
初めての方限定!15本入
今すぐ
送料1,000(税込)
お試し
無料円
クマザサ
不足しがちな食物繊維も
簡単に摂れる!
職人の手摘みにこだわった上質な北海道産
クマザサには、不足しがちな栄養素である食物
繊維がたっぷり!
「乳酸菌が入った青汁ブレミアム」1杯で手軽に
食物繊維を補うことができます。
12/27",NG,약기법_솔루션_로그
"https://www.s-shizensyokuhinjplexcludesiddmlite/lp/ap2304/tallow-popup14/27
2024/10/07 17:00乳酸菌が入った青汁プレミアム|世田谷自然食品
初めての方限定!15本入
今すぐ
送料1,000(税込)お試し
無料円
青汁
500
プレミアム
15
本入
乳酸菌が入った青汁プレミアム
特別1,000(税込)
価格円
1家族様3箱まで!送料無料
今すぐお試し!!
M/Sallow-popup15/27
2024/10/07 17:00乳酸菌が入った青汁ブレ·ミアム+世田谷自然食品
初めての方限定!15本入
今すぐ
送料1,000(税込)お試し
無料円
「野菜の栄養はもちろん、
からだの内側から
健康になりたいんです!」",OK,약기법_솔루션_로그
"2024.10.0717:00乳酸菌が入った青汁ブレ·ミアム1世田谷自然食品
初めての方限定!15本入
今すぐ
送料1,000(税込)お試し
無料円
乳酸菌K-1500億個のチカラで
おなかの調子を整え、
お通じを改善します!
乳酸菌K-1を500億個を摂取することで
2週間の排便回数が優位に増加すること
が確認されています。
12
2週間あたりの排便回数(回)
*
排便回数が
10
増加!
10.0回
88.6回
6
非摂取乳酸菌K-1を摂取
【対象者】20-64歳の便傾向のある成人男女95名
【試験食品】植物性乳酸菌K-1(L.case327)500億個/日をむ食品、もしくは対照品
※植物性乳酸菌K-1(Lgasei.327)を含まない。外観·味·においなど同じ食品
【出典】Saitoetal.BlosciMicrobiotaFoodHealth.2018.(3).59-65Table3を改変
*P<0.05対照品と比較して有意差あり
https:jprexcludes/d18/27
2024.10.0717:00乳酸菌が入った青汁ブレ·ミアム+世田谷自然食品
初めての方限定!15本入
今すぐ
送料1,000(税込)お試し
無料円
年齢とともに減少するビフィズス菌も
たっぷり補えます。",NG,약기법_솔루션_로그
"初めての方限定!15本入
今すぐ
送料1,000(税込)お試し
無料円
大麦若葉
国産大麦若葉使用で食物繊維や
B-カロテンや鉄分が豊富!
国産の大麦若葉は他の野菜と比べて、
食物繊維、-カロテン、鉄分が多く含まれている
優秀野菜。
世田谷自然食品では、とくに栄養価が高く味わ
いも良い、若葉の部分だけを使っています。
https://www.s-shizensyokahin.jdmlie10/27
2024/10/07 17:00乳酸菌が入った青汁プレ·ミアム1世田谷自然食品
初めての方限定!15本入
今すぐ
送料1,000(税込)お試し
無料円
大麦若葉
食物繊維ごぼうの
ごぼう7.7倍
以上!
キャベツ
010203040(g)
-カロテン大麦若葉かぼちゃの
にんじん2.1倍
以上!
かぼちゃ
0510(mg)
大麦若葉ほうれん草の
鉄
レバー(うしの肝臓)5.7倍
以上!
分ほうれん草
510(mg)
※100gあたりの栄養成分比較※大麦若葉は粉末換算
※大麦若葉/一般財団法人品環境検査協会調べ(207年5月)
他の食品/日本食品標準成分表2020より",NG,약기법_솔루션_로그
"初めての方限定!15本入
今すぐ
送料1,000(税込)
お試し
無料円
クマザサ
ケール
レタスの
明日葉
ごぼう61倍
レタスなんと!以上!
020406070(g)
※100gあたりの栄養成分比較※クマザサは粉末換算
クマザサ:財日本食品分析センター明日葉·ケール:メーカー資料
レタス·ごぼう:参考「八訂日本食品成分表 標準成分表」
ap_2304/fallow·popup13/27
2024/10/07 17:00乳酸菌が入った青汁プレミアム1世田谷自然食品
初めての方限定!15本入
今すぐ
送料1,000(税込)
お試し
無料円
機能性
関与成分
1杯に500億個の
乳酸菌K-1
おなかの調子を整える
お米由来の乳酸菌が摂れる!
乳酸菌が入った
青汁プレミアム
1杯なんと
500
億個
さあ、あなたも、いつもの
食事にプラス1杯で、
栄養バランスUP!",NG,약기법_솔루션_로그
"https://www.s-shizensyokuhin.jp/excludes/ddmlinefolar2304/#allow-popup16/27
2024/10/0717:00乳酸菌が入った青言プレミアム」世田谷自然食品
初めての方限定!15本入
今すぐ
送料1,000(税込)お試し
無料円
増やすことが重要です。
乳酸菌などの善玉菌を摂取して
腸内細菌のバランスを保つことが重要
善玉菌悪玉菌
機能性表示食品
世田谷自然食品の
青汁
500円
乳酸菌が入った
青汁プレミアムなら",OK,약기법_솔루션_로그
"19/27
https://www.s-shizensyokihin.jp/excludes/d2304/#allow-popup
2024/10/0717:00乳酸菌が入った青汁ブレ·ミアム+世田谷自然食品
初めての方限定!15本入
今すぐ
送料1,000円(税込)お試し
無料
美味しさにこだわり
国産抹茶使用で
すっきり飲みやすく
仕上げました!",OK,약기법_솔루션_로그
"https://www.s-shizensyokuhin22/27
2024/10/07 17:00乳酸菌が入った青汁プレミアム|世田谷自然食品
初めての方限定!15本入今すぐ
送料1,000(税込)お試し
無料円
栄養バランスUP!
初めての方限定特別価格
乳酸菌が入った
乳酸菌青汁
500
プレミアム
15
本入
乳酸菌が入った青汁プレミアム
特別1,000(税込)
価格円
1家族様3箱まで!送料無料
今すぐお試し!!
excludes/d..._dmliteliplup_2304#allow-popup23/27
2024/10/07 17:00乳酸菌が入った青汁プレミアム|世田谷自然食品
初めての方限定!15本入今すぐ
送料1,000(税込)お試し
無料円
毎日食べるものだから、
食材は本当に
納得できる
ものだけを
選びたいんです。」
乳酸菌が入った
青汁プレミアムなら
自然派食品会社ならではの
こだわりと厳しい基準で
生産、製造をしています。",OK,약기법_솔루션_로그
"お召し上がり方
1本あたり約100~150mの水などに溶かし、1日1本を目安にお召し上がりください。
原材料名
大麦若葉粉末(国内製造)、還元麦芽糖水飴、難消化性デキストリン、抹茶、クマザサ粉末、植物性
乳酸菌(殺菌)粉末、ビフィズス菌乾燥粉末
栄養成分表示(1本(3.2g)あたり)
エネルギー11.04kal、たんぱく質0.48g脂質0.10g、炭水化物2.40g、食塩相当量0.0022g
(推定値)
https://www.s-shizensynkuhin.jp/excludesid_dmlite1plap_2304/#allow-popup26/27
2024/10/0717:00乳酸菌が入った青汁ブレ·ミアム+世田谷自然食品
初めての方限定!15本入
今すぐ
送料1,000(税込)お試し
無料円
お支払い方法
クレジットカード、郵便局,コンビニエンスストア振込、代金引換がご利用いだけます。
※初めてのご注文で,001円(税抜)以上お買い上げの場合は、クレジットカード、代金引換のみ
のご利用となります。
返品について
返品は、商品到着後8日以内にお願いします。
返品は、未開封のものに限ります。開封後のものは、ご容赦ください。
お客様のご都合の場合は、返品時の送料をご負担願います。
会社案内プライバシーポリシー特定應取引法
株式会社世田谷自然食品
〒158-0097フライパン
株式会社比田谷自然品は、
公益社団法人日本通信号充や金の金具です。
10560182
COPYRIGHTOSETAGWYASHIZENSYONUHINCOLTDALLRIGHTSRESERVED",OK,약기법_솔루션_로그
"Wallow-popup24/27
2024/10/07 17:00乳酸菌が入った青汁プレミアム|世田谷自然食品
初めての方限定!15本入
今すぐ
送料1,000(税込)お試し
無料円
安心して飲んでいただくために、
品質にもとことんこだわっています。
国産大麦若葉は、農薬、化学肥料は
l
使わず、露地栽培で育てています。
北海道産クマザサは天然自生した、
2
上質な葉を選んでいます。
保存料、着色料、香料
3
無添加にこだわりました。
国内工場で製造。
4
徹底した品質管理を行っています。
25/27
2024/10/07 17:00乳酸菌が入った青汁プレミアム|世田谷自然食品
初めての方限定!15本入
今すぐ
送料1,000(税込)お試し
無料円
青汁
500
プレミアム
15
本入
乳酸菌が入った青汁プレミアム
特別1,000(税込)
価格円
1家族様3箱まで!送料無料
今すぐお試し!!",OK,약기법_솔루션_로그
脂肪の分解,NG,약기법_솔루션_로그
"90年以上の皮膚科学のノウハウが積み重ねられた
東亜製薬研究所の技術により
体系的なトラブル肌のケアソリューションを提供します。
TM
G-APharm
DERMARESEARCHCENTER",OK,약기법_솔루션_로그
"トラブルも心配なのに
ぽっこり窪んだ毛穴まで?
その理由は?
*余分な油分&皮脂が分泌される上に、",OK,약기법_솔루션_로그
サクセンダ,OK,약기법_솔루션_로그
分解,NG,약기법_솔루션_로그
分解酵素,OK,약기법_솔루션_로그
宿便OUT,NG,약기법_솔루션_로그
快便,OK,약기법_솔루션_로그
体脂肪管理,OK,약기법_솔루션_로그
脂肪分解,NG,약기법_솔루션_로그
炎症管理,OK,약기법_솔루션_로그
健康的,OK,약기법_솔루션_로그
脂肪変化,NG,약기법_솔루션_로그
脂肪CUT,NG,약기법_솔루션_로그
排便,OK,약기법_솔루션_로그
変化,NG,약기법_솔루션_로그
脂肪細胞,OK,약기법_솔루션_로그
ダイエットサポート,OK,약기법_솔루션_로그
脂肪細胞のサイズ,OK,약기법_솔루션_로그
体重減少,OK,약기법_솔루션_로그
ダイエット,NG,약기법_솔루션_로그
内臓脂肪,NG,약기법_솔루션_로그
ダイエットサプリ,OK,약기법_솔루션_로그
減少,OK,약기법_솔루션_로그
健康的なダイエット,OK,약기법_솔루션_로그
健康的なダイエット,OK,약기법_솔루션_로그
ダイエットが難しい方,OK,약기법_솔루션_로그
便秘,NG,약기법_솔루션_로그
お通じ,NG,약기법_솔루션_로그
宿便,NG,약기법_솔루션_로그
トイレ,OK,약기법_솔루션_로그
体重変化サプリ,NG,약기법_솔루션_로그
体重変化酵素,NG,약기법_솔루션_로그
体重管理,OK,약기법_솔루션_로그
改善,OK,약기법_솔루션_로그
免疫力,NG,약기법_솔루션_로그
腸健康,OK,약기법_솔루션_로그
炭水化物CUT,OK,약기법_솔루션_로그
脂肪,OK,약기법_솔루션_로그
体脂肪,OK,약기법_솔루션_로그
CUT,OK,약기법_솔루션_로그
炭水化物・脂肪・タンパク質,OK,약기법_솔루션_로그
炭水化物・脂肪・タンパク質分解,OK,약기법_솔루션_로그
体験,OK,약기법_솔루션_로그
違いを体験,OK,약기법_솔루션_로그
健康的な体重管理,OK,약기법_솔루션_로그
内臓脂肪,NG,약기법_솔루션_로그
腹部内の脂肪,NG,약기법_솔루션_로그
腹部脂肪,NG,약기법_솔루션_로그
お腹の脂肪,NG,약기법_솔루션_로그
体の変化,OK,약기법_솔루션_로그
体重変化効果,NG,약기법_솔루션_로그
胃もたれ,NG,약기법_솔루션_로그
胃の重さ,NG,약기법_솔루션_로그
目に見える効果,NG,약기법_솔루션_로그
分解力,OK,약기법_솔루션_로그
環境改善,OK,약기법_솔루션_로그
結果,OK,약기법_솔루션_로그
体重の変化,NG,약기법_솔루션_로그
out,NG,약기법_솔루션_로그
低脂肪,OK,약기법_솔루션_로그
腸の環境管理,OK,약기법_솔루션_로그
脂肪肝予防,NG,약기법_솔루션_로그
脂肪肝,NG,약기법_솔루션_로그
脂肪管理,OK,약기법_솔루션_로그
酵素効果,NG,약기법_솔루션_로그
酵素,OK,약기법_솔루션_로그
炭水化物を分解,OK,약기법_솔루션_로그
脂肪を分解,NG,약기법_솔루션_로그
タンパク質を分解,OK,약기법_솔루션_로그
脂肪脂肪,OK,약기법_솔루션_로그
一気に,OK,약기법_솔루션_로그
体内,OK,약기법_솔루션_로그
体内消化酵素,OK,약기법_솔루션_로그
３つ体内消化酵素,OK,약기법_솔루션_로그
過敏性腸症候群,NG,약기법_솔루션_로그
炎症,OK,약기법_솔루션_로그
全身炎症,NG,약기법_솔루션_로그
炎症症状,NG,약기법_솔루션_로그
炎症改善,NG,약기법_솔루션_로그
消化効果,NG,약기법_솔루션_로그
消化,OK,약기법_솔루션_로그
腸活,OK,약기법_솔루션_로그
菌活,OK,약기법_솔루션_로그
クレンズ,OK,약기법_솔루션_로그
インナーケア,OK,약기법_솔루션_로그
デトックス,OK,약기법_솔루션_로그
生きた乳酸菌,OK,약기법_솔루션_로그
ダイエット酵素,NG,약기법_솔루션_로그
ダイエットサポート酵素,NG,약기법_솔루션_로그
体重管理酵素,NG,약기법_솔루션_로그
酵素ダイエット,NG,약기법_솔루션_로그
酵素インナーケア,OK,약기법_솔루션_로그
体重管理アイテム,OK,약기법_솔루션_로그
韓国酵素,OK,약기법_솔루션_로그
韓国酵素インナーケア,OK,약기법_솔루션_로그
酵素サプリ,OK,약기법_솔루션_로그
美肌,NG,약기법_솔루션_로그
完全栄養食品,OK,약기법_솔루션_로그
これが最後だと思うよ？,OK,약기법_솔루션_로그
歴代最高67%,NG,약기법_솔루션_로그
歴代最高67,OK,약기법_솔루션_로그
プロテアーゼ,OK,약기법_솔루션_로그
韓国ダイエット,OK,약기법_솔루션_로그
"冬にも油断できない！
罪悪感のない軽い日々を
ゼニスカルファットアウトブルー",OK,약기법_솔루션_로그
"お酢が口に合わない？
初心者でも安心！
自然発酵したリンゴ酢に
健康な甘みを付けた
リアルビネアサビフィット",OK,약기법_솔루션_로그
"そのリンゴ酢本当に効果ある？
2160時間自然発酵した
リアルアップルサイダービネガー100％",OK,약기법_솔루션_로그
"冬にも油断できない！
罪悪感のない軽い日々を守る
ゼニスカルファットアウトブルー",NG,약기법_솔루션_로그
"手軽に摂取できる
高純度
グルタチオン",OK,약기법_솔루션_로그
"カロリーを気にせず
美味しく飲みたいあなたへ
アップルサイダービネガー
コンブチャ",OK,약기법_솔루션_로그
"満腹感が消えない時は
消化酵素でしっかり分解して吸収！
乳酸菌で発酵したプレミアム穀物酵素",OK,약기법_솔루션_로그
"体が軽くなる習慣
コーラの代わりにコレ！
＃炭水化物カット
＃体脂肪アウト",NG,약기법_솔루션_로그
"これ飲んでから口臭の悩みがなくなった！
飴みたいに舐めるだけ
口内の悪玉菌までケアできる",NG,약기법_솔루션_로그
"Qoo10人気商品
美容サプリ
美肌サポート
3+1イベント特価",OK,약기법_솔루션_로그
"新発売
ゲレードアップ
美容サプリ",OK,약기법_솔루션_로그
"新発売
グレードアップ
美容サプリ",OK,약기법_솔루션_로그
"ランキング１位
美肌の秘訣
ホワイトーンロゼンジ",NG,약기법_솔루션_로그
韓国で流行する乳酸菌,OK,약기법_솔루션_로그
55%割引実施中！,OK,약기법_솔루션_로그
年末最後の割引,OK,약기법_솔루션_로그
女性力を高めてくれるでしょう！,NG,약기법_솔루션_로그
女性力ゲット！,OK,약기법_솔루션_로그
今がチャンス！,OK,약기법_솔루션_로그
肌荒れ,NG,약기법_솔루션_로그
メガ割67%割引！,OK,약기법_솔루션_로그
女性の膣に由来する乳酸菌,OK,약기법_솔루션_로그
体脂肪まで,OK,약기법_솔루션_로그
血糖管理,NG,약기법_솔루션_로그
特許消化酵素,OK,약기법_솔루션_로그
特許酵素,OK,약기법_솔루션_로그
体脂肪減少まで確実に,NG,약기법_솔루션_로그
体脂肪まで確実に,OK,약기법_솔루션_로그
体脂肪管理まで確実に,OK,약기법_솔루션_로그
体脂肪down,OK,약기법_솔루션_로그
体重管理特許,OK,약기법_솔루션_로그
血糖ダイエット,NG,약기법_솔루션_로그
血糖値ダイエット,NG,약기법_솔루션_로그
血糖管理ダイエット,NG,약기법_솔루션_로그
血糖・体脂肪・食欲,OK,약기법_솔루션_로그
血糖数値,NG,약기법_솔루션_로그
血糖,NG,약기법_솔루션_로그
抗酸化,NG,약기법_솔루션_로그
つや肌,OK,약기법_솔루션_로그
充電,OK,약기법_솔루션_로그
肌荒れケア,NG,약기법_솔루션_로그
敏感肌も平気い,OK,약기법_솔루션_로그
肌のツヤと活気,NG,약기법_솔루션_로그
肌を楽に,OK,약기법_솔루션_로그
肌がくすんで顔色の改善,NG,약기법_솔루션_로그
素肌,NG,약기법_솔루션_로그
ｐｍｓの不調,NG,약기법_솔루션_로그
たるみ,NG,약기법_솔루션_로그
くすみ,OK,약기법_솔루션_로그
血糖ゼロ,OK,약기법_솔루션_로그
pms,OK,약기법_솔루션_로그
pms緩和,NG,약기법_솔루션_로그
緩和,NG,약기법_솔루션_로그
膣ケア,NG,약기법_솔루션_로그
膣,OK,약기법_솔루션_로그
健康,OK,약기법_솔루션_로그
健康肌,OK,약기법_솔루션_로그
膣健康,OK,약기법_솔루션_로그
レベルアップ,OK,약기법_솔루션_로그
助け,OK,약기법_솔루션_로그
手助け,OK,약기법_솔루션_로그
アップグレード,OK,약기법_솔루션_로그
生理痛原因物質DOWN,NG,약기법_솔루션_로그
"生理痛
原因物質
DOWN",OK,약기법_솔루션_로그
酸化防止,OK,약기법_솔루션_로그
肌の健康管理,OK,약기법_솔루션_로그
"肌の
健康管理",OK,약기법_솔루션_로그
免疫性,NG,약기법_솔루션_로그
老化防止,NG,약기법_솔루션_로그
老化,NG,약기법_솔루션_로그
酸化,OK,약기법_솔루션_로그
１錠,OK,약기법_솔루션_로그
"健康のために飲み続けてる紅参エキス！
私はラテに入れて飲むのがおススメです
これを飲んでから、体が軽くなって朝の目覚めが良くなりました☆",NG,약기법_솔루션_로그
"健康のために飲み続けてる紅参エキス！
私はラテに入れて飲むのがおススメです
これを飲んでから、体が軽くなって朝の目覚めが良くなった気がします",NG,약기법_솔루션_로그
"健康のために飲み続けてる紅参エキス！
私はラテに入れて飲むのがおススメです
体が軽くなって朝の目覚めが良くなった気がします",OK,약기법_솔루션_로그
穀物由来酵素でやさしい消化、軽いお腹ケア。詳しくはQoo10で公式発売中    韓国No.1女優イ・ヨンエXソウル大学が開発した健康食ブランド「イ・ヨンエの健康美食」がついにQoo10上陸！詳しくはQoo10公式まで,OK,약기법_솔루션_로그
韓国で一億包販売突破,OK,약기법_솔루션_로그
"パティオンノスカナイン
トラブル肌に最適化したケア
目立つ毛穴向けセラム
トラブル肌用毛穴ハリケアセラム
FATION
NOSCA9
ENHANCING
PORE
SERUM
Nano-retinal
RXComplexTM
m1/1.01fl.oz.
Vol.:30
skin
For: Sensitive
tested
Dermatologist
PHARM.
DONG-A",OK,약기법_솔루션_로그
"BEFOREAFTER
本商品を使用した1週間後、
バタフライゾーンの毛穴の面積、数、深さ、密度の改善に対するヒト臨床試験
/韓国皮膚科学研究院/2024.05.17-2024.06.2021人
POINT01
ぽっこり窪んだ毛穴
奥からぎゅっと引き締めるセラム
POINT02
一番目立つ
バタフライゾーンの5つの毛穴を改善
[横長/縦長/斜め/ピーナッツ型/ゴマ型毛穴
POINT03
もっと大きくならないように
余分な皮脂を-36.3%改善",NG,약기법_솔루션_로그
"2
一緒に使うともっと効果的な
ノスカナイン毛穴ハリケア
ノスカナイン毛穴ハリケアセラム
ノスカナイン毛穴ハリケアクリーム
Vol.:48ml/1.52fl.oz
ComplexTM
Nano-retinal
For:SensitiveskinDermatologisttested
RX
+
NOSCA9
PORE
ENHANCING
+ATION
+FATION
CREAM
DONG-APHARM.
PORENOSCA9
SERUMENHANCING
Nano-retinal
RX Complex
Vol.:30
ml/1.101
For:Sensitive skin
Dermatologist tested
DONG-A
PHARM",NG,약기법_솔루션_로그
"1)敏感、刺激、乾燥、肌荒れなどのトラブル肌
2)バタフライゾーン5つの毛穴(/タフライゾーンの縦長の毛穴,
バタフライゾーンの横長の毛穴、バタフライゾーンの対角線の毛穴、バタフライゾーンピーナッツの毛穴、
バタフライゾーンのダークニング(ゴマ型毛穴)に対するヒト臨床試験P&K皮膚臨床研究センター/2024.05.27-2024.06.19/22人
3)パティオン ノスカナイントラフルセラム商品のオリーブヤングスキンケア販売ランキング基準(基準日 : 2024.03.03)
4)肌のTape Stripping20回を意味する。20層の肌の保湿に対するヒト臨床試験
(ナノーレチナールRXコンプレックス原料のバクチオール同量比較試験基準)
/韓国皮膚科学研究院/2024.05.21-2024.06.14/21人/原料的特性に限る
5)肌の保湿(ナノーレチナールR)コンプレックス原料のバクチール同量比較試験基準)
及び毛穴の数(ナノーレチナールR)コンプレックス原料のバクチオーール同量比較試験基準)改善に対するヒト臨床試験
/韓国皮膚科学研究院/2024.05.21-2024.06.14/21人/原料的特性に限る
トラブルケア1位パティオン
なぜ毛穴ハリケアに注目すべき?
鎮静させただけなのに、ふと鏡を見ると
バタフライゾーンの毛穴が大きくなっていてびっくりしました
油分の多いトラブル肌だからか、
毛穴がもっと広がっているように見えます(/)
できる前に毛穴のハリをケアしたいですが、
トラブル肌用がありません。
FATION
FATIONFATION
NOSCA9
FATIONPORE ENHANCINGFATION
SERUM
ENHANCING
Namo Tetimal
30ml/1.01 n.
DONG-A PHARM.DONG-A-PHARM
2023.09トラブル肌用毛穴のハリに関するフォーカ.スグループ·ディスカッション(FGD)の結果
トラブル'肌に長年悩んだ開発者が
1年かけて準備した
毛穴ハリケアプロジェクト
COSMAX
トラブル""の最終地点、毛穴ハリケアまで!
パティオン ノスカナインが解決します",OK,약기법_솔루션_로그
"トラブルがしつこく繰り返され、
深くぽっこり窪んだ毛穴
20層""の深いところまでしっかりケア
ノスカナイントラブル肌用毛穴ハリケア
ヘパリンRXコンプレックスTM
トラブル1 肌の鎮静に核となる特許成分
高純度ペプチド
コラーゲンの合成促進
95%の高純度ペプチドFATION
PORENOSCA9
ナノーレチナールRXコンプレックスTM
SERUM
ENHANCING
RX
高効能の毛穴ハリケア5)の核となる特許成分
Nano-retinal
ComplexTM
Vol.:30ml/1.01
For:Sensitive
Dermatologistskin
tested
〃
DONG-A
リンゴ果実エキス
PHARM.",NG,약기법_솔루션_로그
"1毛穴ハリケア最適化された成分設計
「レチナール+セラミド/コレステロール/脂肪酸」
セラミド/コレステロール/脂肪酸でレチナールを包んでお肌の
毛穴にハリを与える効果を発揮
2ナノ粒子化で奥深くまで
深い毛穴まで効果的に吸収されるよう、
東亜製薬「ナノ粒子化」の特許技術*を適用
3敏感肌のための毛穴ハリケア成分「レチナール」
肌への吸収変化過程が少ない「レチナール」成分で刺激を減らし、
肌のバリアケアの効果はUP!
バクチオールに比べ、173%効果的な毛穴ハリケア5
バクチオールより強力な効能で毛穴の数を圧倒的に改善",NG,약기법_솔루션_로그
"適量を取ってローリングした後、
軽くたたいて吸収させてくだすぁい。
もう一度重ね塗りすると、
しっとりとした内側からの
保湿&肌のキメのケアに役立ちます。
FAQ.
トラブル肌にしか使えませんか?
トラブル肌だけでなく
普段毛穴ケアにお悩みの
脂性肌&混合肌の方にも適しています。
Q敏感肌&ニキビ肌ですが、使えますか?",OK,약기법_솔루션_로그
"皮脂分泌を抑える特許成分
*原料的特性に限る
毛穴ハリケアに高い効能を示す東亜製薬の特許技術
#ナノーレチナールRXコンプレックスTM
レチナール/セラミド/コレステロール/脂肪酸
特許出願(10-2022-0183584)
セラミド/コレステロール/脂肪酸
レチナール
1層
10層
20層",NG,약기법_솔루션_로그
"トラブル専門家パティオンにお任せください。
脂性肌&混合肌
満足度100%
トラブル肌に合った使用感の満足度100%
バタフライゾーン
部位の内側からの保湿性改善に役立ちます。100%
バタフライゾーン
部位の内側からのハリ改善に役立ちます。100%
FATION
DONG-A PHARM.
目に見える効果
ヒト臨床試験済み
奥深くから満たし、
ぽっこり窪んだ毛穴を改善
使用前使用1週間後
使用前使用1週間後
毛穴の数14.6%
20.5%
20.5%減
1回使用の直後使用1週間後
毛穴の面積18.4%
25.9%
25.9%減
1回使用の直後使用1週間後
毛穴の深さ6.4%
8.0%
8.0%減
1回使用の直後使用1週間後
毛穴の密度15.3%
21.7%
21.7%減
1回使用の直後使用1週間後",NG,약기법_솔루션_로그
"使用1週間後バタフライゾーンの5つの毛穴(バタフライソーンの縦長の毛穴
バタフライゾーンの横長の毛穴、バタフライゾーンの対角線の毛穴、
バタフライゾーンピーナッツ型の毛穴、バタフライゾーンのダー-クニング(ゴマ型毛穴)に対するヒト臨床試験
/P&K皮膚臨床研究センター/2024.05.27 - 2024.06.19/22人
縦長&横長の毛穴
0
使用前使用1日後
対角線&ピーナッツ型毛穴
使用前使用1日後",NG,약기법_솔루션_로그
"(皮脂皴)
103.4
36.3%
83.2
減少
65.9
使用前使用1週間後使用2週間後
ニキビ肌の使用に適しています
テスト済み
使用前
使用2週間後",NG,약기법_솔루션_로그
敏感肌を対象とした皮膚への貼布による皮膚一次刺激性試験/2024.02.02-2024.03.0835人(個人差あり),OK,약기법_솔루션_로그
"バタフライゾーンの5つの毛穴を改善
使用前1日使用後
縦長の毛穴
余分な皮脂
ゴマ(ダークニング)毛穴縦長の毛穴
-16%
縦長の毛穴
色素沈着手の付けようがないハリの低下
-34%バタフライゾーン-13%
ゴマ(ダークニング)縦長の毛穴
毛穴
5つの毛穴を改善
ピーナッツ型毛穴対角線の毛穴
-29%
-55%対角線の毛穴
ピーナッツ型
毛穴
凸凹のたるみ毛穴ほうれい線の毛穴",NG,약기법_솔루션_로그
"ゴマ(ダークニング)毛穴
使用前使用1日後
使用1週間後、バタフライゾーンの5つの毛穴(バタフライゾーンの長の毛穴、
バタフライゾーンの横長の毛穴、バタフライゾーンの対角線の毛穴、
バタフライゾーンピーッツ型の毛穴、バタフライゾーンのタークニング(ゴマ型毛穴)に対するヒト臨床試験
/P&K皮膚臨床研究センタ-/2024.05.27-2024.06.19/22人
バタフライゾーンの凸凹肌
即効性のある改善
使用前1回使用の直後
余分な皮脂の改善",NG,약기법_솔루션_로그
"敏感肌への低刺激
一次刺激テスト済み
ヒト臨床試験の結果報告書
敏感肌を対象とした皮膚への貼布による
皮膚一次刺激性試験に対するヒト臨床試験
2.皮膚への貼布による皮膚一次刺激性試験の結果
被験者35人を対象にッチテストを行った結果は、以下の通りである(表5)
試験物質は、パッチを除去して30分、24時間、48時間経過した後、刺激が観察されなかった。
平均皮膚反応度は0.00で、判定基準により無刺激と判定された。
表5.パッチテストの結果
反応者反応度平均の
試驗物質名
数30分経過24時間経過48時間経過反応度
反応者反応度平均の
試験物質名
数30分経過24時間経過48時間経過反応度
クリーム00.00.00.00.00",OK,약기법_솔루션_로그
"水分セラムのようにしっとり吸収され、
べたつかず、さらっとした仕上がりになる剤形",OK,약기법_솔루션_로그
"本商品は敏感肌向け刺激性試験
(敏感肌の皮膚刺激指数0.00)と
ニキビ肌への使用の適合性試験済みで
敏感肌、ニキビ肌、両方に使えます。
Q朝や昼間でも使えますか?
本商品は、敏感肌、トラブル肌の方でも、
気軽にデイリーとして毛穴ケアができるものです。
朝、昼、夜、いつでも気軽にご利用いただけます。
朝ご使用になる場合、
日焼け止めを塗って紫外線をカットしてください。
この商品を塗った後、
日焼け止めを塗る必要がありますか?
朝や昼間に使用する場合、
紫外線を防ぐ日焼け止めと一緒に
使うとより効果的です。",OK,약기법_솔루션_로그
"Q顔全体に使ってもいいですか?
使用量は決まっていますか?
本商品は、敏感肌、トラブル肌の方でも、
気軽にお使いいただけるものです。
普段のスキンケアの使い方通りに適量を取り、
顔全体にまんべんなく塗って吸収させてください。
Qレチノール/ビタミン入りの商品と
一緒に使用しても大丈夫ですか?
パティオン毛穴ハリケアを単独で使うと、
刺激感はありませんがレチノールや
ビタミン含有商品とー緒に使用すると
刺激感がある場合がありますので、
腕の内側でテストしてから一緒に使用してください。
また、高含有量のレチノールやビタミン含有商品は、
夜間に使用することをおすすめします。",OK,약기법_솔루션_로그
弾力,OK,약기법_솔루션_로그
抵抗性,OK,약기법_솔루션_로그
紫外線抵抗性,NG,약기법_솔루션_로그
効果,OK,약기법_솔루션_로그
シナージ効果,OK,약기법_솔루션_로그
飲み続けたらより効果UP,OK,약기법_솔루션_로그
体重管理効果,NG,약기법_솔루션_로그
体重変化,OK,약기법_솔루션_로그
しわ変化,OK,약기법_솔루션_로그
しわ管理,NG,약기법_솔루션_로그
しわ,OK,약기법_솔루션_로그
シワ減少,NG,약기법_솔루션_로그
減少,OK,약기법_솔루션_로그
体重減少,NG,약기법_솔루션_로그
紫外線抵抗,NG,약기법_솔루션_로그
UV抵抗,NG,약기법_솔루션_로그
紫外線,OK,약기법_솔루션_로그
紫外線CUT,OK,약기법_솔루션_로그
しわの深さ,NG,약기법_솔루션_로그
肌の弾力,OK,약기법_솔루션_로그
２週間から,OK,약기법_솔루션_로그
２週間から変化,OK,약기법_솔루션_로그
紫外線から,OK,약기법_솔루션_로그
皮膚細胞生存率,OK,약기법_솔루션_로그
抗酸化,OK,약기법_솔루션_로그
サクセンダ,OK,약기법_솔루션_로그
"ただ甘いだけのデザート系プロテインは、もういらない。
たんぱく質特有のクセや粉っぽさも一切なし。
毎日飲みたくなる、美味しさにこだわったダイエットプロテイン。",NG,약기법_솔루션_로그
